lot,wafer,test_site,die_column,die_row,timestamp,device_name,vpi_v,vpi_source,explicit_vpi_v,fitted_vpi_mean_v,fitted_vpi_min_v,fitted_vpi_max_v,fitted_vpi_by_null_v,modulation_fsr_nm,modulation_mean_abs_dlambda_dv_nm_per_v,modulation_null_count,modulation_r2_by_null,filename,source_file
HY202103,D07,DCM_LMZC,-1,-1,20190715_190855,MZMCTE_LULAB_450_500,10.7786,fitted,,10.7786,9.98614,12.2307,10.1188;12.2307;9.98614,4.66655,0.218337,3,0.992409;0.973584;0.985158,"HY202103_D07_(-1,-1)_LION1_DCM_LMZC.xml","data\HY202103\D07\20190715_190855\HY202103_D07_(-1,-1)_LION1_DCM_LMZC.xml"
HY202103,D07,DCM_LMZC,-3,-1,20190715_190855,MZMCTE_LULAB_450_500,29.2111,fitted,,29.2111,28.1978,31.0752,31.0752;28.1978;28.2896;29.2816,13.6951,0.234774,4,0.980407;0.987322;0.991886;0.990902,"HY202103_D07_(-1,-3)_LION1_DCM_LMZC.xml","data\HY202103\D07\20190715_190855\HY202103_D07_(-1,-3)_LION1_DCM_LMZC.xml"
HY202103,D07,DCM_LMZC,3,-1,20190715_190855,MZMCTE_LULAB_450_500,17.5665,fitted,,17.5665,17.2532,17.8676,17.2532;17.8676;17.3861;17.7591,9.1574,0.260704,4,0.971738;0.990274;0.989813;0.986538,"HY202103_D07_(-1,3)_LION1_DCM_LMZC.xml","data\HY202103\D07\20190715_190855\HY202103_D07_(-1,3)_LION1_DCM_LMZC.xml"
HY202103,D07,DCM_LMZC,-3,-3,20190715_190855,MZMCTE_LULAB_450_500,14.7166,fitted,,14.7166,13.7918,16.0661,16.0661;14.4942;13.7918;14.5143,7.04152,0.239976,4,0.981189;0.993844;0.988091;0.997362,"HY202103_D07_(-3,-3)_LION1_DCM_LMZC.xml","data\HY202103\D07\20190715_190855\HY202103_D07_(-3,-3)_LION1_DCM_LMZC.xml"
HY202103,D07,DCM_LMZC,0,-3,20190715_190855,MZMCTE_LULAB_450_500,13.4009,fitted,,13.4009,12.6984,13.9486,13.9486;13.5462;13.4103;12.6984,6.90545,0.257947,4,0.995213;0.980992;0.978913;0.968532,"HY202103_D07_(-3,0)_LION1_DCM_LMZC.xml","data\HY202103\D07\20190715_190855\HY202103_D07_(-3,0)_LION1_DCM_LMZC.xml"
HY202103,D07,DCM_LMZC,2,-3,20190715_190855,MZMCTE_LULAB_450_500,17.1886,fitted,,17.1886,15.6347,17.8328,17.8328;17.8091;17.4779;15.6347,9.04257,0.26382,4,0.976029;0.988309;0.991047;0.9963,"HY202103_D07_(-3,2)_LION1_DCM_LMZC.xml","data\HY202103\D07\20190715_190855\HY202103_D07_(-3,2)_LION1_DCM_LMZC.xml"
HY202103,D07,DCM_LMZC,-1,-4,20190715_190855,MZMCTE_LULAB_450_500,9.43404,fitted,,9.43404,8.84968,9.92429,9.92429;9.43833;8.84968;9.52385,4.76922,0.253193,4,0.980291;0.993722;0.983129;0.995839,"HY202103_D07_(-4,-1)_LION1_DCM_LMZC.xml","data\HY202103\D07\20190715_190855\HY202103_D07_(-4,-1)_LION1_DCM_LMZC.xml"
HY202103,D07,DCM_LMZC,-4,0,20190715_190855,MZMCTE_LULAB_450_500,11.7612,fitted,,11.7612,11.4707,12.2435,11.4707;12.2435;11.5694,5.73192,0.243884,3,0.998616;0.996753;0.99481,"HY202103_D07_(0,-4)_LION1_DCM_LMZC.xml","data\HY202103\D07\20190715_190855\HY202103_D07_(0,-4)_LION1_DCM_LMZC.xml"
HY202103,D07,DCM_LMZC,0,0,20190715_190855,MZMCTE_LULAB_450_500,15.7419,fitted,,15.7419,15.4872,16.0895,16.0895;15.4872;15.649,7.17242,0.227872,3,0.973285;0.986003;0.982548,"HY202103_D07_(0,0)_LION1_DCM_LMZC.xml","data\HY202103\D07\20190715_190855\HY202103_D07_(0,0)_LION1_DCM_LMZC.xml"
HY202103,D07,DCM_LMZC,2,0,20190715_190855,MZMCTE_LULAB_450_500,14.4395,fitted,,14.4395,13.3466,15.6878,14.3571;15.6878;13.3466;14.3666,7.01022,0.243541,4,0.973267;0.98807;0.993903;0.986308,"HY202103_D07_(0,2)_LION1_DCM_LMZC.xml","data\HY202103\D07\20190715_190855\HY202103_D07_(0,2)_LION1_DCM_LMZC.xml"
HY202103,D07,DCM_LMZC,-1,2,20190715_190855,MZMCTE_LULAB_450_500,14.7803,fitted,,14.7803,14.2623,15.5085,14.4815;15.5085;14.2623;14.869,7.1706,0.242817,4,0.973661;0.988119;0.987105;0.994755,"HY202103_D07_(2,-1)_LION1_DCM_LMZC.xml","data\HY202103\D07\20190715_190855\HY202103_D07_(2,-1)_LION1_DCM_LMZC.xml"
HY202103,D07,DCM_LMZC,-3,2,20190715_190855,MZMCTE_LULAB_450_500,9.1247,fitted,,9.1247,8.69604,9.59051,9.08754;9.59051;8.69604,4.6577,0.255634,3,0.994808;0.989428;0.99562,"HY202103_D07_(2,-3)_LION1_DCM_LMZC.xml","data\HY202103\D07\20190715_190855\HY202103_D07_(2,-3)_LION1_DCM_LMZC.xml"
HY202103,D07,DCM_LMZC,2,2,20190715_190855,MZMCTE_LULAB_450_500,14.976,fitted,,14.976,14.2637,15.672,15.672;14.2637;14.9922,7.0114,0.234434,3,0.995143;0.979922;0.990276,"HY202103_D07_(2,2)_LION1_DCM_LMZC.xml","data\HY202103\D07\20190715_190855\HY202103_D07_(2,2)_LION1_DCM_LMZC.xml"
HY202103,D07,DCM_LMZC,0,3,20190715_190855,MZMCTE_LULAB_450_500,10.7772,fitted,,10.7772,10.6953,10.899,10.7951;10.899;10.7192;10.6953,5.59434,0.25956,4,0.983498;0.970885;0.981227;0.98672,"HY202103_D07_(3,0)_LION1_DCM_LMZC.xml","data\HY202103\D07\20190715_190855\HY202103_D07_(3,0)_LION1_DCM_LMZC.xml"
HY202103,D08,DCM_LMZO,-1,-1,20190526_082853,MZMOTE_LULAB_380_500,13.3981,fitted,,13.3981,11.8207,16.2236,13.676;16.2236;12.9635;13.5864;11.8207;12.1185,4.31084,0.162597,6,0.976884;0.830228;0.988636;0.985246;0.982289;0.996851,"HY202103_D08_(-1,-1)_LION1_DCM_LMZO.xml","data\HY202103\D08\20190526_082853\HY202103_D08_(-1,-1)_LION1_DCM_LMZO.xml"
HY202103,D08,DCM_LMZO,-3,-1,20190526_082853,MZMOTE_LULAB_380_500,14.0051,fitted,,14.0051,11.8888,15.7845,12.5408;15.0809;15.7845;14.5071;14.2285;11.8888,5.21627,0.188102,6,0.987185;0.991313;0.977687;0.946025;0.982742;0.775551,"HY202103_D08_(-1,-3)_LION1_DCM_LMZO.xml","data\HY202103\D08\20190526_082853\HY202103_D08_(-1,-3)_LION1_DCM_LMZO.xml"
HY202103,D08,DCM_LMZO,3,-1,20190526_082853,MZMOTE_LULAB_380_500,13.2897,fitted,,13.2897,11.2169,18.093,12.5063;12.456;11.2169;12.5857;12.8804;18.093,4.84686,0.186506,6,0.984495;0.996935;0.969763;0.974112;0.947208;0.871723,"HY202103_D08_(-1,3)_LION1_DCM_LMZO.xml","data\HY202103\D08\20190526_082853\HY202103_D08_(-1,3)_LION1_DCM_LMZO.xml"
HY202103,D08,DCM_LMZO,-3,-3,20190526_082853,MZMOTE_LULAB_380_500,12.1267,fitted,,12.1267,10.9598,13.7043,11.8505;13.7043;11.5861;12.48;12.1796;10.9598,4.24991,0.176067,6,0.997248;0.994204;0.983136;0.989044;0.99831;0.867544,"HY202103_D08_(-3,-3)_LION1_DCM_LMZO.xml","data\HY202103\D08\20190526_082853\HY202103_D08_(-3,-3)_LION1_DCM_LMZO.xml"
HY202103,D08,DCM_LMZO,0,-3,20190526_082853,MZMOTE_LULAB_380_500,13.9524,fitted,,13.9524,11.4501,15.585,15.585;11.4501;14.3362;14.3664;12.873;15.1036,4.82761,0.174901,6,0.94411;0.929812;0.980656;0.994186;0.996884;0.986334,"HY202103_D08_(-3,0)_LION1_DCM_LMZO.xml","data\HY202103\D08\20190526_082853\HY202103_D08_(-3,0)_LION1_DCM_LMZO.xml"
HY202103,D08,DCM_LMZO,2,-3,20190526_082853,MZMOTE_LULAB_380_500,10.3775,fitted,,10.3775,8.46737,17.582,8.81894;8.94759;8.46737;9.67226;9.7174;9.4372;17.582,3.61687,0.184045,7,0.981428;0.952134;0.996298;0.991001;0.988219;0.995885;0.551906,"HY202103_D08_(-3,2)_LION1_DCM_LMZO.xml","data\HY202103\D08\20190526_082853\HY202103_D08_(-3,2)_LION1_DCM_LMZO.xml"
HY202103,D08,DCM_LMZO,-1,-4,20190526_082853,MZMOTE_LULAB_380_500,14.3619,fitted,,14.3619,13.6054,15.2497,14.575;14.0735;14.0509;14.617;15.2497;13.6054,5.28232,0.184144,6,0.976816;0.990946;0.989186;0.985225;0.992838;0.987463,"HY202103_D08_(-4,-1)_LION1_DCM_LMZO.xml","data\HY202103\D08\20190526_082853\HY202103_D08_(-4,-1)_LION1_DCM_LMZO.xml"
HY202103,D08,DCM_LMZO,-4,0,20190526_082853,MZMOTE_LULAB_380_500,44.8489,fitted,,44.8489,13.6988,225.238,13.8938;16.1238;14.852;14.7916;15.3447;13.6988;225.238,5.44431,0.160039,7,0.990284;0.992932;0.99193;0.995785;0.995126;0.987153;0.428571,"HY202103_D08_(0,-4)_LION1_DCM_LMZO.xml","data\HY202103\D08\20190526_082853\HY202103_D08_(0,-4)_LION1_DCM_LMZO.xml"
HY202103,D08,DCM_LMZO,0,0,20190526_082853,MZMOTE_LULAB_380_500,22.6916,fitted,,22.6916,21.8099,23.39,22.938;22.9074;22.6207;22.4834;23.39;21.8099,7.66364,0.168944,6,0.993198;0.995256;0.994428;0.99538;0.995595;0.96361,"HY202103_D08_(0,0)_LION1_DCM_LMZO.xml","data\HY202103\D08\20190526_082853\HY202103_D08_(0,0)_LION1_DCM_LMZO.xml"
HY202103,D08,DCM_LMZO,2,0,20190526_082853,MZMOTE_LULAB_380_500,11.6508,fitted,,11.6508,10.903,12.517,12.3114;12.517;11.6117;11.5244;10.903;11.0371,4.52244,0.19459,6,0.985217;0.992156;0.997223;0.980373;0.976884;0.994948,"HY202103_D08_(0,2)_LION1_DCM_LMZO.xml","data\HY202103\D08\20190526_082853\HY202103_D08_(0,2)_LION1_DCM_LMZO.xml"
HY202103,D08,DCM_LMZO,-1,2,20190526_082853,MZMOTE_LULAB_380_500,12.1873,fitted,,12.1873,11.8058,12.5309,12.5309;12.0616;12.298;11.8058;12.2357;12.1917,4.61181,0.189269,6,0.988376;0.994309;0.987548;0.975824;0.993612;0.9869,"HY202103_D08_(2,-1)_LION1_DCM_LMZO.xml","data\HY202103\D08\20190526_082853\HY202103_D08_(2,-1)_LION1_DCM_LMZO.xml"
HY202103,D08,DCM_LMZO,-3,2,20190526_082853,MZMOTE_LULAB_380_500,13.1324,fitted,,13.1324,12.8355,13.7156,13.1776;12.8406;12.8508;12.8355;13.3743;13.7156,4.80313,0.182987,6,0.973134;0.976278;0.984059;0.953092;0.993175;0.959093,"HY202103_D08_(2,-3)_LION1_DCM_LMZO.xml","data\HY202103\D08\20190526_082853\HY202103_D08_(2,-3)_LION1_DCM_LMZO.xml"
HY202103,D08,DCM_LMZO,2,2,20190526_082853,MZMOTE_LULAB_380_500,14.1457,fitted,,14.1457,13.511,14.7525,14.0592;14.7525;14.6065;13.511;13.805;14.1397,5.27871,0.186756,6,0.982696;0.993388;0.99513;0.995327;0.99304;0.98806,"HY202103_D08_(2,2)_LION1_DCM_LMZO.xml","data\HY202103\D08\20190526_082853\HY202103_D08_(2,2)_LION1_DCM_LMZO.xml"
HY202103,D08,DCM_LMZO,0,3,20190526_082853,MZMOTE_LULAB_380_500,13.0323,fitted,,13.0323,11.8255,14.1753,13.4329;12.3782;12.3183;14.0638;11.8255;14.1753,4.74021,0.182745,6,0.972128;0.997396;0.979391;0.962682;0.986098;0.966564,"HY202103_D08_(3,0)_LION1_DCM_LMZO.xml","data\HY202103\D08\20190526_082853\HY202103_D08_(3,0)_LION1_DCM_LMZO.xml"
HY202103,D08,DCM_LMZC,-1,-1,20190712_113254,MZMCTE_LULAB_450_500,7.95347,fitted,,7.95347,7.54806,8.60481,7.54806;7.74471;8.60481;7.91628,3.54422,0.223348,4,0.954572;0.985266;0.974881;0.952893,"HY202103_D08_(-1,-1)_LION1_DCM_LMZC.xml","data\HY202103\D08\20190712_113254\HY202103_D08_(-1,-1)_LION1_DCM_LMZC.xml"
HY202103,D08,DCM_LMZC,-3,-1,20190712_113254,MZMCTE_LULAB_450_500,20.199,fitted,,20.199,18.4769,22.0208,20.0994;22.0208;18.4769,8.83297,0.219773,3,0.995226;0.988044;0.993567,"HY202103_D08_(-1,-3)_LION1_DCM_LMZC.xml","data\HY202103\D08\20190712_113254\HY202103_D08_(-1,-3)_LION1_DCM_LMZC.xml"
HY202103,D08,DCM_LMZC,3,-1,20190712_113254,MZMCTE_LULAB_450_500,14.201,fitted,,14.201,13.3964,15.2466,14.4602;15.2466;13.7011;13.3964,6.73674,0.237789,4,0.988886;0.994326;0.984907;0.991515,"HY202103_D08_(-1,3)_LION1_DCM_LMZC.xml","data\HY202103\D08\20190712_113254\HY202103_D08_(-1,3)_LION1_DCM_LMZC.xml"
HY202103,D08,DCM_LMZC,-3,-3,20190712_113254,MZMCTE_LULAB_450_500,12.3695,fitted,,12.3695,12.0468,12.5252,12.0468;12.4754;12.4306;12.5252,5.58623,0.22586,4,0.975499;0.995221;0.989638;0.981472,"HY202103_D08_(-3,-3)_LION1_DCM_LMZC.xml","data\HY202103\D08\20190712_113254\HY202103_D08_(-3,-3)_LION1_DCM_LMZC.xml"
HY202103,D08,DCM_LMZC,0,-3,20190712_113254,MZMCTE_LULAB_450_500,11.5131,fitted,,11.5131,11.3396,11.7838,11.7838;11.4159;11.3396,5.63855,0.244943,3,0.994696;0.985241;0.991182,"HY202103_D08_(-3,0)_LION1_DCM_LMZC.xml","data\HY202103\D08\20190712_113254\HY202103_D08_(-3,0)_LION1_DCM_LMZC.xml"
HY202103,D08,DCM_LMZC,2,-3,20190712_113254,MZMCTE_LULAB_450_500,5.984,fitted,,5.984,5.76244,6.356,5.83355;6.356;5.76244,3.16163,0.264677,3,0.993138;0.983721;0.97991,"HY202103_D08_(-3,2)_LION1_DCM_LMZC.xml","data\HY202103\D08\20190712_113254\HY202103_D08_(-3,2)_LION1_DCM_LMZC.xml"
HY202103,D08,DCM_LMZC,-1,-4,20190712_113254,MZMCTE_LULAB_450_500,27.8759,fitted,,27.8759,27.389,28.7288,28.7288;27.47;27.389;27.9161,13.5127,0.24246,4,0.991323;0.985501;0.976486;0.985794,"HY202103_D08_(-4,-1)_LION1_DCM_LMZC.xml","data\HY202103\D08\20190712_113254\HY202103_D08_(-4,-1)_LION1_DCM_LMZC.xml"
HY202103,D08,DCM_LMZC,-4,0,20190712_113254,MZMCTE_LULAB_450_500,13.9371,fitted,,13.9371,12.5645,14.6066,14.2019;14.6066;12.5645;14.3755,6.67702,0.240396,4,0.992252;0.996126;0.988127;0.987336,"HY202103_D08_(0,-4)_LION1_DCM_LMZC.xml","data\HY202103\D08\20190712_113254\HY202103_D08_(0,-4)_LION1_DCM_LMZC.xml"
HY202103,D08,DCM_LMZC,0,0,20190712_113254,MZMCTE_LULAB_450_500,15.1541,fitted,,15.1541,14.6429,15.9814,15.091;14.6429;14.9013;15.9814,7.01502,0.231705,4,0.997642;0.997015;0.984116;0.99013,"HY202103_D08_(0,0)_LION1_DCM_LMZC.xml","data\HY202103\D08\20190712_113254\HY202103_D08_(0,0)_LION1_DCM_LMZC.xml"
HY202103,D08,DCM_LMZC,2,0,20190712_113254,MZMCTE_LULAB_450_500,9.4028,fitted,,9.4028,8.81253,9.89407,9.70874;9.19585;9.89407;8.81253,4.6293,0.246678,4,0.977286;0.991765;0.992853;0.992502,"HY202103_D08_(0,2)_LION1_DCM_LMZC.xml","data\HY202103\D08\20190712_113254\HY202103_D08_(0,2)_LION1_DCM_LMZC.xml"
HY202103,D08,DCM_LMZC,-1,2,20190712_113254,MZMCTE_LULAB_450_500,10.2515,fitted,,10.2515,9.89859,10.5911,10.5911;9.89859;10.0902;10.426,4.77541,0.233078,4,0.994655;0.977056;0.991177;0.996799,"HY202103_D08_(2,-1)_LION1_DCM_LMZC.xml","data\HY202103\D08\20190712_113254\HY202103_D08_(2,-1)_LION1_DCM_LMZC.xml"
HY202103,D08,DCM_LMZC,-3,2,20190712_113254,MZMCTE_LULAB_450_500,13.8119,fitted,,13.8119,13.3445,14.6706,13.3445;13.4206;14.6706,6.84892,0.248403,3,0.963254;0.996592;0.970443,"HY202103_D08_(2,-3)_LION1_DCM_LMZC.xml","data\HY202103\D08\20190712_113254\HY202103_D08_(2,-3)_LION1_DCM_LMZC.xml"
HY202103,D08,DCM_LMZC,2,2,20190712_113254,MZMCTE_LULAB_450_500,19.0611,fitted,,19.0611,17.7346,21.4401,17.7346;17.9649;19.1047;21.4401,9.00718,0.237605,4,0.988121;0.987968;0.990052;0.988396,"HY202103_D08_(2,2)_LION1_DCM_LMZC.xml","data\HY202103\D08\20190712_113254\HY202103_D08_(2,2)_LION1_DCM_LMZC.xml"
HY202103,D08,DCM_LMZC,0,3,20190712_113254,MZMCTE_LULAB_450_500,15.5177,fitted,,15.5177,14.0072,17.8562,15.5138;17.8562;14.6935;14.0072,7.0674,0.229612,4,0.993595;0.964269;0.998816;0.980511,"HY202103_D08_(3,0)_LION1_DCM_LMZC.xml","data\HY202103\D08\20190712_113254\HY202103_D08_(3,0)_LION1_DCM_LMZC.xml"
HY202103,D23,DCM_LMZO,-1,-1,20190531_072042,MZMOTE_LULAB_380_500,3949.38,fitted,,3949.38,217.944,20268.8,973.875;1081;675.626;479.026;20268.8;217.944,3.70629,0.00313714,6,0.0857143;0.0857143;0.428571;0.249816;9.51852e-05;0.126707,"HY202103_D23_(-1,-1)_LION1_DCM_LMZO.xml","data\HY202103\D23\20190531_072042\HY202103_D23_(-1,-1)_LION1_DCM_LMZO.xml"
HY202103,D23,DCM_LMZO,-3,-1,20190531_072042,MZMOTE_LULAB_380_500,1.77629e+13,fitted,,1.77629e+13,166.801,7.82868e+13,1242.1;2.82904e+13;7.82868e+13;430.278;166.801;230.793,4.38638,0.00491905,6,0.154286;0;0;0.405932;0.727275;0.108837,"HY202103_D23_(-1,-3)_LION1_DCM_LMZO.xml","data\HY202103\D23\20190531_072042\HY202103_D23_(-1,-3)_LION1_DCM_LMZO.xml"
HY202103,D23,DCM_LMZO,3,-1,20190531_072042,MZMOTE_LULAB_380_500,986.63,fitted,,986.63,35.5087,3345.55,3345.55;669.11;1672.77;435.439;253.299;494.73;35.5087,3.86172,0.0107078,7,0.0171429;0.428571;0.0428571;0.274286;0.0549114;0.0537695;0.434424,"HY202103_D23_(-1,3)_LION1_DCM_LMZO.xml","data\HY202103\D23\20190531_072042\HY202103_D23_(-1,3)_LION1_DCM_LMZO.xml"
HY202103,D23,DCM_LMZO,-3,-3,20190531_072042,MZMOTE_LULAB_380_500,2.57429e+12,fitted,,2.57429e+12,7.25587,1.54457e+13,1.54457e+13;1034.54;450.647;731.918;1097.88;7.25587,4.91849,0.0587276,6,0;0.171429;0.00712186;0.154286;0.171429;0.159931,"HY202103_D23_(-3,-3)_LION1_DCM_LMZO.xml","data\HY202103\D23\20190531_072042\HY202103_D23_(-3,-3)_LION1_DCM_LMZO.xml"
HY202103,D23,DCM_LMZO,0,-3,20190531_072042,MZMOTE_LULAB_380_500,1.31645e+13,fitted,,1.31645e+13,117.217,6.54658e+13,7.24943e+12;6.27195e+12;6.54658e+13;1086.07;310.031;117.217,4.02155,0.00424857,6,0;-1.66667;0;0.0453782;0.119094;0.629884,"HY202103_D23_(-3,0)_LION1_DCM_LMZO.xml","data\HY202103\D23\20190531_072042\HY202103_D23_(-3,0)_LION1_DCM_LMZO.xml"
HY202103,D23,DCM_LMZO,2,-3,20190531_072042,MZMOTE_LULAB_380_500,1.78399e+12,fitted,,1.78399e+12,203.624,1.24879e+13,1.24879e+13;3467.78;1682.89;1179.76;1079.59;434.569;203.624,3.92354,0.00276571,7,0;0.00952381;0.0285714;0.154286;0.154286;0.124962;0.498807,"HY202103_D23_(-3,2)_LION1_DCM_LMZO.xml","data\HY202103\D23\20190531_072042\HY202103_D23_(-3,2)_LION1_DCM_LMZO.xml"
HY202103,D23,DCM_LMZO,-1,-4,20190531_072042,MZMOTE_LULAB_380_500,1506.84,fitted,,1506.84,79.0489,4148.52,798.394;2363.96;2181.18;571.823;4148.52;404.927;79.0489,4.83599,0.00664735,7,0.428571;0.00142174;0.0428571;0.109213;0.00234034;0.140337;0.47496,"HY202103_D23_(-4,-1)_LION1_DCM_LMZO.xml","data\HY202103\D23\20190531_072042\HY202103_D23_(-4,-1)_LION1_DCM_LMZO.xml"
HY202103,D23,DCM_LMZO,-4,0,20190531_072042,MZMOTE_LULAB_380_500,614.792,fitted,,614.792,221.646,1061.01,1061.01;391.322;414.991;779.68;1029.18;221.646;405.72,3.52861,0.00381551,7,0.154286;0.458296;0.685714;0.171429;0.154286;0.158817;0.201054,"HY202103_D23_(0,-4)_LION1_DCM_LMZO.xml","data\HY202103\D23\20190531_072042\HY202103_D23_(0,-4)_LION1_DCM_LMZO.xml"
HY202103,D23,DCM_LMZO,0,0,20190531_072042,MZMOTE_LULAB_380_500,627.263,fitted,,627.263,357.726,1031.72,383.15;585.27;929.046;357.726;1031.72;476.671,4.37448,0.00410381,6,0.771429;0.257143;0.171429;0.428571;0.112457;0.455999,"HY202103_D23_(0,0)_LION1_DCM_LMZO.xml","data\HY202103\D23\20190531_072042\HY202103_D23_(0,0)_LION1_DCM_LMZO.xml"
HY202103,D23,DCM_LMZO,2,0,20190531_072042,MZMOTE_LULAB_380_500,3.48876e+12,fitted,,3.48876e+12,695.809,1.44468e+13,695.809;1.44468e+13;4530.16;6.48574e+12;1064.59;722.98,4.86669,0.00161429,6,0.00829065;0;0.0171429;2.067e-11;0.171429;0.0854237,"HY202103_D23_(0,2)_LION1_DCM_LMZO.xml","data\HY202103\D23\20190531_072042\HY202103_D23_(0,2)_LION1_DCM_LMZO.xml"
HY202103,D23,DCM_LMZO,-1,2,20190531_072042,MZMOTE_LULAB_380_500,7.50235e+12,fitted,,7.50235e+12,374.767,4.50141e+13,1922.35;624.068;861.214;4.50141e+13;2290.46;374.767,4.92122,0.00262,6,0.0428571;0.142877;0.428571;0;0.0428571;0.175437,"HY202103_D23_(2,-1)_LION1_DCM_LMZO.xml","data\HY202103\D23\20190531_072042\HY202103_D23_(2,-1)_LION1_DCM_LMZO.xml"
HY202103,D23,DCM_LMZO,-3,2,20190531_072042,MZMOTE_LULAB_380_500,9.58278e+11,fitted,,9.58278e+11,210.582,6.70795e+12,2946.14;1578.29;210.582;3326.29;6.70795e+12;1809.04;946.01,3.53537,0.00192735,7,0.00256177;0.0171429;0.253463;0.0171429;1.20944e-11;0.0194732;0.00472598,"HY202103_D23_(2,-3)_LION1_DCM_LMZO.xml","data\HY202103\D23\20190531_072042\HY202103_D23_(2,-3)_LION1_DCM_LMZO.xml"
HY202103,D23,DCM_LMZO,2,2,20190531_072042,MZMOTE_LULAB_380_500,1.88397e+12,fitted,,1.88397e+12,124.09,1.13038e+13,291.696;1.13038e+13;1075.44;124.09;831.788;632.488,3.65036,0.00462381,6,0.493617;0;0.154286;0.852101;0.0685714;0.102041,"HY202103_D23_(2,2)_LION1_DCM_LMZO.xml","data\HY202103\D23\20190531_072042\HY202103_D23_(2,2)_LION1_DCM_LMZO.xml"
HY202103,D23,DCM_LMZO,0,3,20190531_072042,MZMOTE_LULAB_380_500,1.93966e+12,fitted,,1.93966e+12,1196.58,6.95748e+12,1629.39;6.95748e+12;1595.44;4.68046e+12;1196.58;1238.51,5.25129,0.0012619,6,0.154286;1.14836e-11;0.0857143;0;0.171429;0.112457,"HY202103_D23_(3,0)_LION1_DCM_LMZO.xml","data\HY202103\D23\20190531_072042\HY202103_D23_(3,0)_LION1_DCM_LMZO.xml"
HY202103,D23,DCM_LMZO,-1,-1,20190603_204847,MZMOTE_LULAB_380_500,18.3145,fitted,,18.3145,15.7289,21.2493,19.4072;21.2493;20.6852;15.7289;16.4936;16.3228,3.92736,0.108789,6,0.936877;0.692673;0.624754;0.957459;0.97912;0.922759,"HY202103_D23_(-1,-1)_LION1_DCM_LMZO.xml","data\HY202103\D23\20190603_204847\HY202103_D23_(-1,-1)_LION1_DCM_LMZO.xml"
HY202103,D23,DCM_LMZO,-3,-1,20190603_204847,MZMOTE_LULAB_380_500,17.7043,fitted,,17.7043,16.1852,21.4635,17.8967;16.5394;17.8015;16.3397;21.4635;16.1852,4.28437,0.122136,6,0.938927;0.833677;0.960851;0.992967;0.678977;0.800521,"HY202103_D23_(-1,-3)_LION1_DCM_LMZO.xml","data\HY202103\D23\20190603_204847\HY202103_D23_(-1,-3)_LION1_DCM_LMZO.xml"
HY202103,D23,DCM_LMZO,3,-1,20190603_204847,MZMOTE_LULAB_380_500,18.5488,fitted,,18.5488,14.3077,31.647,17.3901;17.4207;16.7569;16.6174;15.7019;14.3077;31.647,4.85989,0.138833,7,0.985698;0.982846;0.99077;0.995159;0.973457;0.964958;0.147451,"HY202103_D23_(-1,3)_LION1_DCM_LMZO.xml","data\HY202103\D23\20190603_204847\HY202103_D23_(-1,3)_LION1_DCM_LMZO.xml"
HY202103,D23,DCM_LMZO,-3,-3,20190603_204847,MZMOTE_LULAB_380_500,17.5849,fitted,,17.5849,14.9261,19.5594,17.8114;18.3698;19.5594;17.3874;17.4556;14.9261,4.37327,0.125187,6,0.89092;0.99147;0.856057;0.963478;0.957525;0.877813,"HY202103_D23_(-3,-3)_LION1_DCM_LMZO.xml","data\HY202103\D23\20190603_204847\HY202103_D23_(-3,-3)_LION1_DCM_LMZO.xml"
HY202103,D23,DCM_LMZO,0,-3,20190603_204847,MZMOTE_LULAB_380_500,16.022,fitted,,16.022,14.9456,17.5284,16.5343;16.524;17.5284;15.1669;14.9456;15.4326,4.23807,0.132683,6,0.982163;0.985447;0.920625;0.987372;0.991004;0.874384,"HY202103_D23_(-3,0)_LION1_DCM_LMZO.xml","data\HY202103\D23\20190603_204847\HY202103_D23_(-3,0)_LION1_DCM_LMZO.xml"
HY202103,D23,DCM_LMZO,2,-3,20190603_204847,MZMOTE_LULAB_380_500,40.0091,fitted,,40.0091,11.9678,201.033,11.9678;13.3365;12.0236;13.5198;14.6652;13.5172;201.033,3.94485,0.130411,7,0.966141;0.989497;0.987155;0.988705;0.984528;0.943759;0.461836,"HY202103_D23_(-3,2)_LION1_DCM_LMZO.xml","data\HY202103\D23\20190603_204847\HY202103_D23_(-3,2)_LION1_DCM_LMZO.xml"
HY202103,D23,DCM_LMZO,-1,-4,20190603_204847,MZMOTE_LULAB_380_500,18.6438,fitted,,18.6438,17.1998,20.2338,20.2338;18.4511;18.8493;19.152;18.4578;18.1627;17.1998,5.22008,0.140294,7,0.990133;0.981131;0.989096;0.992503;0.957442;0.838554;0.880938,"HY202103_D23_(-4,-1)_LION1_DCM_LMZO.xml","data\HY202103\D23\20190603_204847\HY202103_D23_(-4,-1)_LION1_DCM_LMZO.xml"
HY202103,D23,DCM_LMZO,-4,0,20190603_204847,MZMOTE_LULAB_380_500,385.755,fitted,,385.755,10.5713,2633.42,11.85;10.5713;11.4134;11.0783;10.7019;11.2477;2633.42,3.00962,0.115998,7,0.992658;0.990891;0.920973;0.967781;0.922691;0.89833;0.0171429,"HY202103_D23_(0,-4)_LION1_DCM_LMZO.xml","data\HY202103\D23\20190603_204847\HY202103_D23_(0,-4)_LION1_DCM_LMZO.xml"
HY202103,D23,DCM_LMZO,0,0,20190603_204847,MZMOTE_LULAB_380_500,16.2871,fitted,,16.2871,13.3869,18.4068,17.3347;18.4068;16.296;15.486;16.812;13.3869,3.96282,0.122892,6,0.882636;0.96643;0.994858;0.956847;0.955686;0.959027,"HY202103_D23_(0,0)_LION1_DCM_LMZO.xml","data\HY202103\D23\20190603_204847\HY202103_D23_(0,0)_LION1_DCM_LMZO.xml"
HY202103,D23,DCM_LMZO,2,0,20190603_204847,MZMOTE_LULAB_380_500,17.3116,fitted,,17.3116,14.659,19.5513,14.659;16.3214;19.5513;16.4215;19.0671;17.8494,4.40809,0.12857,6,0.934412;0.974608;0.851533;0.948369;0.955899;0.919619,"HY202103_D23_(0,2)_LION1_DCM_LMZO.xml","data\HY202103\D23\20190603_204847\HY202103_D23_(0,2)_LION1_DCM_LMZO.xml"
HY202103,D23,DCM_LMZO,-1,2,20190603_204847,MZMOTE_LULAB_380_500,14.942,fitted,,14.942,11.5746,16.5705,16.2807;13.6543;16.5705;15.9757;15.5966;11.5746,3.93695,0.133894,6,0.986749;0.98183;0.986641;0.948547;0.968039;0.928683,"HY202103_D23_(2,-1)_LION1_DCM_LMZO.xml","data\HY202103\D23\20190603_204847\HY202103_D23_(2,-1)_LION1_DCM_LMZO.xml"
HY202103,D23,DCM_LMZO,-3,2,20190603_204847,MZMOTE_LULAB_380_500,17.258,fitted,,17.258,13.3633,19.7636,19.7636;18.8964;16.2273;17.8082;17.3475;17.3996;13.3633,4.82775,0.141814,7,0.982326;0.987239;0.989216;0.985809;0.99012;0.984406;0.911486,"HY202103_D23_(2,-3)_LION1_DCM_LMZO.xml","data\HY202103\D23\20190603_204847\HY202103_D23_(2,-3)_LION1_DCM_LMZO.xml"
HY202103,D23,DCM_LMZO,2,2,20190603_204847,MZMOTE_LULAB_380_500,12.9372,fitted,,12.9372,12.5163,13.7094,13.7094;12.5163;12.8642;12.84;12.5674;13.1259,3.27427,0.126663,6,0.986589;0.985254;0.992716;0.966501;0.972283;0.953078,"HY202103_D23_(2,2)_LION1_DCM_LMZO.xml","data\HY202103\D23\20190603_204847\HY202103_D23_(2,2)_LION1_DCM_LMZO.xml"
HY202103,D23,DCM_LMZO,0,3,20190603_204847,MZMOTE_LULAB_380_500,14.8178,fitted,,14.8178,13.5913,15.7693,15.5761;15.7693;14.4057;13.8179;13.5913;15.7467,3.89348,0.131887,6,0.919443;0.935804;0.981632;0.982909;0.98456;0.871985,"HY202103_D23_(3,0)_LION1_DCM_LMZO.xml","data\HY202103\D23\20190603_204847\HY202103_D23_(3,0)_LION1_DCM_LMZO.xml"
HY202103,D24,DCM_LMZO,-1,-1,20190531_151815,MZMOTE_LULAB_380_500,1.87296e+12,fitted,,1.87296e+12,403.9,1.12378e+13,403.9;1.12378e+13;3857.24;3506.58;1298.74;572.291,4.40828,0.00203429,6,0.714273;0;0.00952381;0.00952381;0.0857143;0.24551,"HY202103_D24_(-1,-1)_LION1_DCM_LMZO.xml","data\HY202103\D24\20190531_151815\HY202103_D24_(-1,-1)_LION1_DCM_LMZO.xml"
HY202103,D24,DCM_LMZO,-3,-1,20190531_151815,MZMOTE_LULAB_380_500,1.93276e+12,fitted,,1.93276e+12,77.1113,1.15966e+13,782.68;1.15966e+13;1565.36;1025.58;77.1113;478.165,3.39907,0.00508476,6,0.171429;0.5;0.0428571;0.017965;0.743816;0.0174797,"HY202103_D24_(-1,-3)_LION1_DCM_LMZO.xml","data\HY202103\D24\20190531_151815\HY202103_D24_(-1,-3)_LION1_DCM_LMZO.xml"
HY202103,D24,DCM_LMZO,3,-1,20190531_151815,MZMOTE_LULAB_380_500,600.201,fitted,,600.201,96.8767,1564.12,688.212;1564.12;674.718;215.066;362.217;96.8767,3.93264,0.00698286,6,0.428571;0.0428571;0.428571;0.583748;0.03013;0.593038,"HY202103_D24_(-1,3)_LION1_DCM_LMZO.xml","data\HY202103\D24\20190531_151815\HY202103_D24_(-1,3)_LION1_DCM_LMZO.xml"
HY202103,D24,DCM_LMZO,-3,-3,20190531_151815,MZMOTE_LULAB_380_500,3.68817e+12,fitted,,3.68817e+12,9.14261,1.74418e+13,1.74418e+13;621.162;8.37539e+12;854.097;86.5395;27.4433;9.14261,3.514,0.0401984,7,0.666667;0.238095;0;0.0592394;0.852771;0.250696;0.206552,"HY202103_D24_(-3,-3)_LION1_DCM_LMZO.xml","data\HY202103\D24\20190531_151815\HY202103_D24_(-3,-3)_LION1_DCM_LMZO.xml"
HY202103,D24,DCM_LMZO,0,-3,20190531_151815,MZMOTE_LULAB_380_500,1678.06,fitted,,1678.06,254.571,3431.62,3063.95;3431.62;1099.88;629.655;1588.71;254.571,3.92185,0.00250762,6,0.00326975;0.0171429;0.154286;0.428571;0.00328617;0.0387387,"HY202103_D24_(-3,0)_LION1_DCM_LMZO.xml","data\HY202103\D24\20190531_151815\HY202103_D24_(-3,0)_LION1_DCM_LMZO.xml"
HY202103,D24,DCM_LMZO,2,-3,20190531_151815,MZMOTE_LULAB_380_500,650.372,fitted,,650.372,51.1037,1948.79,522.912;51.1037;1948.79;763.768;273.762;212.755;779.516,4.32075,0.0101657,7,0.455872;0.851552;0.0428571;0.428571;0.840723;0.275957;0.00338581,"HY202103_D24_(-3,2)_LION1_DCM_LMZO.xml","data\HY202103\D24\20190531_151815\HY202103_D24_(-3,2)_LION1_DCM_LMZO.xml"
HY202103,D24,DCM_LMZO,-1,-4,20190531_151815,MZMOTE_LULAB_380_500,5.74307e+11,fitted,,5.74307e+11,51.4009,4.02015e+12,564.697;4.02015e+12;296.437;51.4009;4073.89;683.866;413.893,3.25911,0.00668653,7,0.428571;0;0.156237;0.371463;0.000832507;0.016872;0.0318527,"HY202103_D24_(-4,-1)_LION1_DCM_LMZO.xml","data\HY202103\D24\20190531_151815\HY202103_D24_(-4,-1)_LION1_DCM_LMZO.xml"
HY202103,D24,DCM_LMZO,-4,0,20190531_151815,MZMOTE_LULAB_380_500,6.36899e+12,fitted,,6.36899e+12,317.405,3.82139e+13,679.055;3.82139e+13;685.984;1143.31;3295.41;317.405,3.84151,0.00232381,6,0.428571;0;0.102041;0.154286;0.00952381;0.0493276,"HY202103_D24_(0,-4)_LION1_DCM_LMZO.xml","data\HY202103\D24\20190531_151815\HY202103_D24_(0,-4)_LION1_DCM_LMZO.xml"
HY202103,D24,DCM_LMZO,0,0,20190531_151815,MZMOTE_LULAB_380_500,1.11595e+12,fitted,,1.11595e+12,174.102,6.69568e+12,3279.76;6.69568e+12;3587.24;491.964;389.124;174.102,3.93571,0.00358476,6,0.00587873;0;0.0171429;0.466667;0.238515;0.412208,"HY202103_D24_(0,0)_LION1_DCM_LMZO.xml","data\HY202103\D24\20190531_151815\HY202103_D24_(0,0)_LION1_DCM_LMZO.xml"
HY202103,D24,DCM_LMZO,2,0,20190531_151815,MZMOTE_LULAB_380_500,1.58971e+13,fitted,,1.58971e+13,374.349,9.53823e+13,9.53823e+13;374.349;1354.69;1058.87;797.001;573.947,5.92969,0.00363238,6,0;0.525;0.112514;0.123331;0.466667;0.209966,"HY202103_D24_(0,2)_LION1_DCM_LMZO.xml","data\HY202103\D24\20190531_151815\HY202103_D24_(0,2)_LION1_DCM_LMZO.xml"
HY202103,D24,DCM_LMZO,-1,2,20190531_151815,MZMOTE_LULAB_380_500,706.939,fitted,,706.939,150.902,1122.55,389.614;1122.55;647.872;1069.6;150.902;861.095,3.88723,0.00444571,6,0.771429;0.154286;0.428571;0.0857143;0.795489;0.0190476,"HY202103_D24_(2,-1)_LION1_DCM_LMZO.xml","data\HY202103\D24\20190531_151815\HY202103_D24_(2,-1)_LION1_DCM_LMZO.xml"
HY202103,D24,DCM_LMZO,-3,2,20190531_151815,MZMOTE_LULAB_380_500,493.169,fitted,,493.169,144.228,1237.8,633.486;1237.8;258.797;301.515;383.188;144.228,4.30047,0.00684857,6,0.257143;0.0453074;0.518911;0.0847804;0.125809;0.156443,"HY202103_D24_(2,-3)_LION1_DCM_LMZO.xml","data\HY202103\D24\20190531_151815\HY202103_D24_(2,-3)_LION1_DCM_LMZO.xml"
HY202103,D24,DCM_LMZO,2,2,20190531_151815,MZMOTE_LULAB_380_500,4.24026e+12,fitted,,4.24026e+12,159.509,1.47531e+13,1.06885e+13;1.47531e+13;159.509;872.868;239.208;253.785,3.95035,0.00511429,6,0;0;0.277543;0.171429;0.297715;0.0439971,"HY202103_D24_(2,2)_LION1_DCM_LMZO.xml","data\HY202103\D24\20190531_151815\HY202103_D24_(2,2)_LION1_DCM_LMZO.xml"
HY202103,D24,DCM_LMZO,0,3,20190531_151815,MZMOTE_LULAB_380_500,5459.19,fitted,,5459.19,256.666,23988.4,3426.91;1559.25;636.427;2887.49;256.666;23988.4,3.56399,0.00201619,6,0.00154203;0.0428571;0.428571;0.0171429;0.607969;2.46822e-05,"HY202103_D24_(3,0)_LION1_DCM_LMZO.xml","data\HY202103\D24\20190531_151815\HY202103_D24_(3,0)_LION1_DCM_LMZO.xml"
HY202103,D24,DCM_LMZO,-1,-1,20190603_225101,MZMOTE_LULAB_380_500,16.5739,fitted,,16.5739,12.6278,23.1798,15.7631;15.4627;12.6278;16.2685;23.1798;16.1412,3.60678,0.11237,6,0.990688;0.855851;0.917576;0.860623;0.793544;0.897741,"HY202103_D24_(-1,-1)_LION1_DCM_LMZO.xml","data\HY202103\D24\20190603_225101\HY202103_D24_(-1,-1)_LION1_DCM_LMZO.xml"
HY202103,D24,DCM_LMZO,-3,-1,20190603_225101,MZMOTE_LULAB_380_500,13.7509,fitted,,13.7509,12.1399,15.7926,13.0071;12.4907;15.4104;13.6644;15.7926;12.1399,3.38377,0.124271,6,0.986688;0.837872;0.868149;0.992689;0.967345;0.787851,"HY202103_D24_(-1,-3)_LION1_DCM_LMZO.xml","data\HY202103\D24\20190603_225101\HY202103_D24_(-1,-3)_LION1_DCM_LMZO.xml"
HY202103,D24,DCM_LMZO,3,-1,20190603_225101,MZMOTE_LULAB_380_500,18.6529,fitted,,18.6529,17.3674,20.1499,20.1499;19.2006;19.1226;18.5228;17.3674;17.5539,4.83965,0.130081,6,0.943289;0.984058;0.970192;0.9963;0.971464;0.928157,"HY202103_D24_(-1,3)_LION1_DCM_LMZO.xml","data\HY202103\D24\20190603_225101\HY202103_D24_(-1,3)_LION1_DCM_LMZO.xml"
HY202103,D24,DCM_LMZO,-3,-3,20190603_225101,MZMOTE_LULAB_380_500,110.212,fitted,,110.212,10.1361,693.953,12.597;13.6257;10.1361;13.1484;17.3726;10.6549;693.953,3.04546,0.104491,7,0.831855;0.888378;0.849767;0.98785;0.866994;0.863753;0.171429,"HY202103_D24_(-3,-3)_LION1_DCM_LMZO.xml","data\HY202103\D24\20190603_225101\HY202103_D24_(-3,-3)_LION1_DCM_LMZO.xml"
HY202103,D24,DCM_LMZO,0,-3,20190603_225101,MZMOTE_LULAB_380_500,14.622,fitted,,14.622,13.5649,15.3059,13.5649;14.9823;15.3059;13.9753;14.7372;15.1664,3.88017,0.132943,6,0.994553;0.974603;0.966339;0.991101;0.96122;0.96051,"HY202103_D24_(-3,0)_LION1_DCM_LMZO.xml","data\HY202103\D24\20190603_225101\HY202103_D24_(-3,0)_LION1_DCM_LMZO.xml"
HY202103,D24,DCM_LMZO,2,-3,20190603_225101,MZMOTE_LULAB_380_500,18.1524,fitted,,18.1524,14.0138,21.8376,19.2125;14.0138;20.1729;17.9697;16.7758;17.084;21.8376,4.71793,0.132292,7,0.991098;0.964198;0.866466;0.946484;0.891144;0.952531;0.799323,"HY202103_D24_(-3,2)_LION1_DCM_LMZO.xml","data\HY202103\D24\20190603_225101\HY202103_D24_(-3,2)_LION1_DCM_LMZO.xml"
HY202103,D24,DCM_LMZO,-1,-4,20190603_225101,MZMOTE_LULAB_380_500,18.5742,fitted,,18.5742,17.0688,20.3829,18.0321;18.2053;18.5922;17.0688;18.967;18.7713;20.3829,4.69947,0.126824,7,0.952238;0.84978;0.989116;0.835115;0.976055;0.979129;0.695115,"HY202103_D24_(-4,-1)_LION1_DCM_LMZO.xml","data\HY202103\D24\20190603_225101\HY202103_D24_(-4,-1)_LION1_DCM_LMZO.xml"
HY202103,D24,DCM_LMZO,-4,0,20190603_225101,MZMOTE_LULAB_380_500,17.654,fitted,,17.654,15.3898,20.0127,18.9245;16.4328;15.3898;15.8722;19.292;20.0127,4.12078,0.11795,6,0.989018;0.810606;0.988519;0.96723;0.712581;0.897289,"HY202103_D24_(0,-4)_LION1_DCM_LMZO.xml","data\HY202103\D24\20190603_225101\HY202103_D24_(0,-4)_LION1_DCM_LMZO.xml"
HY202103,D24,DCM_LMZO,0,0,20190603_225101,MZMOTE_LULAB_380_500,20.099,fitted,,20.099,15.8573,23.5449,19.093;15.8573;21.6488;22.0089;18.4414;23.5449,4.88496,0.123656,6,0.999384;0.862742;0.996346;0.987071;0.934857;0.917865,"HY202103_D24_(0,0)_LION1_DCM_LMZO.xml","data\HY202103\D24\20190603_225101\HY202103_D24_(0,0)_LION1_DCM_LMZO.xml"
HY202103,D24,DCM_LMZO,2,0,20190603_225101,MZMOTE_LULAB_380_500,17.636,fitted,,17.636,15.4312,20.545,17.7315;15.8958;15.4312;17.3865;18.8257;20.545,4.27806,0.12243,6,0.814245;0.856357;0.910353;0.993725;0.73372;0.944196,"HY202103_D24_(0,2)_LION1_DCM_LMZO.xml","data\HY202103\D24\20190603_225101\HY202103_D24_(0,2)_LION1_DCM_LMZO.xml"
HY202103,D24,DCM_LMZO,-1,2,20190603_225101,MZMOTE_LULAB_380_500,15.2275,fitted,,15.2275,13.717,16.4296,16.3598;15.0379;16.4296;15.6679;13.717;14.1529,3.64982,0.120406,6,0.988103;0.984913;0.962637;0.960609;0.990563;0.884409,"HY202103_D24_(2,-1)_LION1_DCM_LMZO.xml","data\HY202103\D24\20190603_225101\HY202103_D24_(2,-1)_LION1_DCM_LMZO.xml"
HY202103,D24,DCM_LMZO,-3,2,20190603_225101,MZMOTE_LULAB_380_500,13.7237,fitted,,13.7237,12.3942,14.3455,13.2028;14.3442;13.9668;12.3942;14.3455;14.0884,3.56671,0.130311,6,0.991897;0.993819;0.984124;0.984478;0.951392;0.984998,"HY202103_D24_(2,-3)_LION1_DCM_LMZO.xml","data\HY202103\D24\20190603_225101\HY202103_D24_(2,-3)_LION1_DCM_LMZO.xml"
HY202103,D24,DCM_LMZO,2,2,20190603_225101,MZMOTE_LULAB_380_500,15.7862,fitted,,15.7862,11.8811,19.9186,16.6907;14.3934;16.7275;15.1058;19.9186;11.8811,3.90678,0.126887,6,0.997121;0.916284;0.95296;0.964868;0.987217;0.886216,"HY202103_D24_(2,2)_LION1_DCM_LMZO.xml","data\HY202103\D24\20190603_225101\HY202103_D24_(2,2)_LION1_DCM_LMZO.xml"
HY202103,D24,DCM_LMZO,0,3,20190603_225101,MZMOTE_LULAB_380_500,14.038,fitted,,14.038,12.025,15.9161,15.9161;14.1049;13.4181;15.3476;12.025;13.4164,3.55556,0.127735,6,0.980754;0.990774;0.9947;0.97906;0.979089;0.972323,"HY202103_D24_(3,0)_LION1_DCM_LMZO.xml","data\HY202103\D24\20190603_225101\HY202103_D24_(3,0)_LION1_DCM_LMZO.xml"
